{"cameraMode":{"drawMode":0,"name":"Shaded","section":"Shading Mode"},"sceneLighting":true,"audioPlay":false,"sceneViewState":{"showFog":true,"showMaterialUpdate":false,"showSkybox":true,"showFlares":true,"showImageEffects":true,"showParticleSystems":true},"in2DMode":false,"pivot":{"x":1.6879998445510865,"y":1.2509998083114625,"z":0.6960299015045166},"rotation":{"x":-0.011275810189545155,"y":0.5197423100471497,"z":0.006862448062747717,"w":0.8542318940162659},"size":1.3842270374298096,"orthographic":false}