{"cameraMode":{"drawMode":0,"name":"Shaded","section":"Shading Mode"},"sceneLighting":false,"audioPlay":false,"sceneViewState":{"showFog":true,"showMaterialUpdate":false,"showSkybox":false,"showFlares":true,"showImageEffects":true,"showParticleSystems":true},"in2DMode":false,"pivot":{"x":0.0,"y":0.014700000174343586,"z":-0.06450000405311585},"rotation":{"x":0.18915878236293794,"y":-0.04415811598300934,"z":0.00851207785308361,"w":0.9809286594390869},"size":0.7016462087631226,"orthographic":false}